brand,family,model,approx_era,status,host,max_sample_rate_khz,bit_depth,analog_output_summary,da_dynamic_range_dba,da_thdn_db,max_output_dbu,output_impedance_ohm,independent_measurement,measurement_source,confidence,modeling_note
RME,Digi series,Digi96/8 PST,1999-2002,legacy,PCI,96,24,stereo analog out,,,,,not_located,,medium,early PCI baseline; verify manual
RME,Multiface,Multiface I,2001-2005,legacy,PCI/CardBus+breakout,96,24,8 line out,,,,,available,RMAA/user archives,low,measurement conditions need verification
RME,Multiface,Multiface II,2005-2012,legacy,PCI/ExpressCard+breakout,192,24,8 line out,,,,,available,RMAA/user archives,low,revision-sensitive
RME,Fireface,Fireface 800,2004-2018,legacy,FireWire,192,24,8 line+monitor out,119,-100,+17,75,available,Sound On Sound/RMAA archives,medium,important early Fireface reference
RME,Fireface,Fireface 400,2006-2017,legacy,FireWire,192,24,6 line out,119,-100,+17,75,available,RMAA/user archives,low,confirm load and bandwidth
RME,Fireface,Fireface UC,2009-,current_or_long_running,USB 2,192,24,6 line out,115,-100,+19,75,available,Julian Krause/user analyzers,medium,hardware revisions possible
RME,Fireface,Fireface UCX,2012-2021,legacy,USB/FireWire,192,24,6 line out,115,-100,+19,75,available,ASR/forum analyzer posts,medium,pre-FS generation
RME,Fireface,Fireface UCX II,2021-,current,USB 2,192,24,6 line out,118,-104,+19,100,available,Julian Krause/independent,medium,measure reference level states
RME,Fireface,Fireface UFX,2010-2016,legacy,USB/FireWire,192,24,8 line out,118,-100,+19,75,limited,,medium,flagship first generation
RME,Fireface,Fireface UFX+,2016-2023,legacy,USB 3/Thunderbolt,192,24,8 line out,118,-104,+19,75,limited,,medium,MADI generation
RME,Fireface,Fireface UFX II,2017-2023,legacy,USB 2,192,24,8 line out,118,-104,+19,75,limited,,medium,verify against UFX III
RME,Fireface,Fireface UFX III,2023-,current,USB 3,192,24,8 line out,120,-110,+24,100,limited,,medium,current flagship interface
RME,Babyface,Babyface,2011-2015,legacy,USB 2,192,24,breakout line out,,,,,available,ASR/RMAA archives,low,distinguish original from Pro
RME,Babyface,Babyface Pro,2015-2019,legacy,USB 2,192,24,2 XLR line out,115,-102,+19,300,available,ASR/Julian Krause,high,pre-FS comparison
RME,Babyface,Babyface Pro FS,2020-,current,USB 2,192,24,2 XLR line out,118,-102,+19,300,available,Audio Science Review; RME official,high,+19/+4 modes and production DAC revision
RME,MADI,MADIface Pro,2016-,current,USB 2,192,24,2 XLR line out,118,-102,+19,300,limited,,medium,Babyface-derived analog section
RME,MADI,MADIface XT II,2023-,current,USB 3,192,24,multichannel analog out,,,,,not_located,,medium,mostly digital interface
RME,Digiface,Digiface USB,2017-,current,USB 2,192,24,headphone only,,,,2,limited,,medium,headphone D/A only
Focusrite,Scarlett,Scarlett 2i2 1st Gen,2011-2014,legacy,USB 2,96,24,2 monitor out,,,,,available,Julian Krause/RMAA,medium,establish early Scarlett baseline
Focusrite,Scarlett,Scarlett 2i4 1st Gen,2011-2014,legacy,USB 2,96,24,4 line out,,,,,limited,,low,
Focusrite,Scarlett,Scarlett 6i6 1st Gen,2011-2014,legacy,USB 2,96,24,4 line out,,,,,limited,,low,
Focusrite,Scarlett,Scarlett 8i6 1st Gen,2011-2014,legacy,USB 2,96,24,6 line out,,,,,limited,,low,
Focusrite,Scarlett,Scarlett 18i6 1st Gen,2011-2014,legacy,USB 2,96,24,6 line out,,,,,limited,,low,
Focusrite,Scarlett,Scarlett 18i8 1st Gen,2013-2016,legacy,USB 2,96,24,4 line out,,,,,limited,,low,
Focusrite,Scarlett,Scarlett 18i20 1st Gen,2013-2016,legacy,USB 2,96,24,10 line out,,,,,limited,,low,
Focusrite,Scarlett,Scarlett Solo 2nd Gen,2016-2019,legacy,USB 2,192,24,2 monitor out,106,,+10,,available,Julian Krause,medium,
Focusrite,Scarlett,Scarlett 2i2 2nd Gen,2016-2019,legacy,USB 2,192,24,2 monitor out,106,,+10,,available,Julian Krause,medium,
Focusrite,Scarlett,Scarlett 2i4 2nd Gen,2016-2019,legacy,USB 2,192,24,4 line out,,,,,available,Julian Krause,medium,
Focusrite,Scarlett,Scarlett 6i6 2nd Gen,2016-2019,legacy,USB 2,192,24,4 line out,,,,,limited,,low,
Focusrite,Scarlett,Scarlett 18i8 2nd Gen,2016-2019,legacy,USB 2,192,24,4 line out,,,,,limited,,low,
Focusrite,Scarlett,Scarlett 18i20 2nd Gen,2016-2019,legacy,USB 2,192,24,10 line out,,,,,limited,,low,
Focusrite,Scarlett,Scarlett Solo 3rd Gen,2019-2023,legacy,USB 2,192,24,2 monitor out,108,,+15.5,430,available,Julian Krause,high,
Focusrite,Scarlett,Scarlett 2i2 3rd Gen,2019-2023,legacy,USB 2,192,24,2 monitor out,108.5,-94,+15.5,430,available,Audio Science Review; Julian Krause,high,large installed base
Focusrite,Scarlett,Scarlett 4i4 3rd Gen,2019-2023,legacy,USB 2,192,24,4 line out,108.5,-94,+15.5,430,available,loopback measurements,medium,
Focusrite,Scarlett,Scarlett 8i6 3rd Gen,2019-2023,legacy,USB 2,192,24,6 line out,108.5,-94,+15.5,430,limited,,medium,
Focusrite,Scarlett,Scarlett 18i8 3rd Gen,2019-2023,legacy,USB 2,192,24,8 line out,108.5,-94,+15.5,430,limited,,medium,
Focusrite,Scarlett,Scarlett 18i20 3rd Gen,2019-2023,legacy,USB 2,192,24,10 line out,108.5,-94,+15.5,430,available,Julian Krause,medium,
Focusrite,Scarlett,Scarlett Solo 4th Gen,2023-,current,USB 2,192,24,2 monitor out,120,-109,+16,100,available,Julian Krause/independent,high,headphone differs from larger models
Focusrite,Scarlett,Scarlett 2i2 4th Gen,2023-,current,USB 2,192,24,2 monitor out,120,-109,+16,100,available,Julian Krause/independent,high,
Focusrite,Scarlett,Scarlett 4i4 4th Gen,2023-,current,USB 2,192,24,4 line out,120,-112,+16,100,available,manufacturer AES17 plus independent tests,high,priority model
Focusrite,Scarlett,Scarlett 16i16 4th Gen,2024-,current,USB 2,192,24,8 line out,122,-112,+18,100,limited,,medium,
Focusrite,Scarlett,Scarlett 18i16 4th Gen,2024-,current,USB 2,192,24,10 line out,122,-112,+18,100,limited,,medium,
Focusrite,Scarlett,Scarlett 18i20 4th Gen,2024-,current,USB 2,192,24,10 line out,122,-112,+18,100,available,Julian Krause/independent,medium,
Focusrite,Saffire,Saffire,2005-2008,legacy,FireWire,192,24,multichannel line out,,,,,limited,RMAA archives,low,
Focusrite,Saffire,Saffire LE,2006-2009,legacy,FireWire,96,24,6 line out,,,,,limited,RMAA archives,low,
Focusrite,Saffire,Saffire Pro 10 I/O,2006-2009,legacy,FireWire,96,24,8 line out,,,,,limited,,low,
Focusrite,Saffire,Saffire Pro 26 I/O,2006-2010,legacy,FireWire,192,24,8 line out,,,,,limited,,low,
Focusrite,Saffire,Saffire Pro 24,2009-2017,legacy,FireWire,96,24,6 line out,,,,,available,RMAA/user tests,low,
Focusrite,Saffire,Saffire Pro 24 DSP,2009-2017,legacy,FireWire,96,24,6 line out,,,,,limited,,low,
Focusrite,Saffire,Saffire Pro 40,2008-2017,legacy,FireWire,96,24,10 line out,109,,+15.5,,available,RMAA/user tests,medium,
Focusrite,Saffire,Liquid Saffire 56,2009-2017,legacy,FireWire,192,24,10 line out,,,,,limited,,low,
Focusrite,Clarett,Clarett 2Pre Thunderbolt,2015-2020,legacy,Thunderbolt,192,24,4 line out,118,-103,+16,16,available,Julian Krause,medium,
Focusrite,Clarett,Clarett 4Pre Thunderbolt,2015-2020,legacy,Thunderbolt,192,24,4 line out,118,-103,+16,16,limited,,medium,
Focusrite,Clarett,Clarett 8Pre Thunderbolt,2015-2020,legacy,Thunderbolt,192,24,10 line out,118,-103,+16,16,limited,,medium,
Focusrite,Clarett,Clarett 8PreX,2015-2020,legacy,Thunderbolt,192,24,10 line out,118,-103,+16,16,limited,,medium,
Focusrite,Clarett USB,Clarett 2Pre USB,2018-2021,legacy,USB 2,192,24,4 line out,118,-103,+16,16,available,Julian Krause,medium,
Focusrite,Clarett USB,Clarett 4Pre USB,2018-2021,legacy,USB 2,192,24,4 line out,118,-103,+16,16,limited,,medium,
Focusrite,Clarett USB,Clarett 8Pre USB,2018-2021,legacy,USB 2,192,24,10 line out,118,-103,+16,16,limited,,medium,
Focusrite,Clarett+,Clarett+ 2Pre,2021-,current,USB 2,192,24,4 line out,124,-106,+18,68,available,Julian Krause,high,
Focusrite,Clarett+,Clarett+ 4Pre,2021-,current,USB 2,192,24,4 line out,124,-106,+18,68,limited,,medium,
Focusrite,Clarett+,Clarett+ 8Pre,2021-,current,USB 2,192,24,10 line out,124,-106,+18,68,available,independent analyzer tests,medium,
Focusrite,Red,Red 4Pre,2016-,current,Thunderbolt/DigiLink/Dante,192,24,8 line out,121,-104,+18,,limited,,medium,
Focusrite,Red,Red 8Pre,2016-,current,Thunderbolt/DigiLink/Dante,192,24,10 line out,121,-104,+18,,limited,,medium,
Focusrite,Red,Red 8Line,2019-,current,Thunderbolt/DigiLink/Dante,192,24,10 line out,121,-104,+18,,limited,,medium,
Focusrite,Red,Red 16Line,2018-,current,Thunderbolt/DigiLink/Dante,192,24,18 line out,121,-104,+18,,limited,,medium,
MOTU,828,828,2001-2004,legacy,FireWire,48,24,8 line out,,,,,limited,RMAA archives,low,
MOTU,828,828mkII,2003-2007,legacy,FireWire/USB variant,96,24,8 line out,,,,,available,RMAA archives,low,
MOTU,828,828mk3,2008-2014,legacy,FireWire/Hybrid,192,24,8 line out,,,,,available,RMAA archives,low,
MOTU,828,828x,2014-2018,legacy,Thunderbolt/USB,192,24,8 line out,,,,,limited,,low,
MOTU,828,828es,2018-2023,legacy,Thunderbolt/USB/AVB,192,24,8 line out,123,-110,+20,,available,teardown and user analyzer,medium,ES9016S family reported
MOTU,828,828 2024,2024-,current,Thunderbolt/USB4,192,24,8 line out,125,,+24,,limited,,medium,current generation
MOTU,UltraLite,UltraLite,2006-2008,legacy,FireWire,96,24,8 line out,,,,,available,RMAA archives,low,
MOTU,UltraLite,UltraLite mk3,2008-2014,legacy,FireWire/Hybrid,192,24,8 line out,,,,,available,RMAA archives,low,
MOTU,UltraLite,UltraLite AVB,2015-2021,legacy,USB/AVB,192,24,8 line out,117,,+20,,limited,,medium,
MOTU,UltraLite,UltraLite mk5,2021-,current,USB 2,192,24,10 line out,125,-114,+21,100,available,Audio Science Review/user Cosmos ADC,high,minimum-phase reconstruction filter reported
MOTU,M Series,M2,2019-,current,USB 2,192,24,2 line+RCA out,120,-110,+16,,available,Audio Science Review; Julian Krause,high,hardware revision affects converter/filter
MOTU,M Series,M4,2019-,current,USB 2,192,24,4 line+RCA out,120,-110,+16,,available,Audio Science Review; teardown,high,ES9016S reported on early units
MOTU,M Series,M6,2022-,current,USB 2,192,24,4 line out,120,-110,+16,,available,Julian Krause,medium,
MOTU,AVB,16A,2014-2023,legacy,Thunderbolt/USB/AVB,192,24,16 line out,123,,+20,,limited,,medium,
MOTU,AVB,24Ao,2014-,current,USB/AVB,192,24,24 analog out,,,,,limited,,low,
MOTU,AVB,1248,2014-2023,legacy,Thunderbolt/USB/AVB,192,24,12 analog out,123,,+20,,limited,,medium,
MOTU,AVB,112D,2015-,current,Thunderbolt/USB/AVB,192,24,mixed analog/digital,,,,,limited,,low,
MOTU,AVB,8A,2017-,current,Thunderbolt/USB/AVB,192,24,8 analog out,123,,+20,,limited,,medium,
MOTU,Traveler,Traveler,2004-2008,legacy,FireWire,192,24,8 line out,,,,,available,RMAA archives,low,
MOTU,Traveler,Traveler mk3,2008-2019,legacy,FireWire,192,24,8 line out,,,,,limited,,low,
MOTU,Track,Audio Express,2011-2018,legacy,USB/FireWire,96,24,6 analog out,,,,,limited,,low,
Universal Audio,Apollo,Apollo FireWire,2012-2018,legacy,FireWire/Thunderbolt option,192,24,8 line out,118,-100,+20,100,available,Audio Science Review/user tests,medium,
Universal Audio,Apollo,Apollo 8,2015-2018,legacy,Thunderbolt,192,24,8 line out,118,-103,+20,100,limited,,medium,
Universal Audio,Apollo,Apollo 8p,2015-2018,legacy,Thunderbolt,192,24,8 line out,118,-103,+20,100,limited,,medium,
Universal Audio,Apollo,Apollo 16,2013-2018,legacy,Thunderbolt,192,24,16 line out,118,-103,+24,100,limited,,medium,
Universal Audio,Apollo X,Apollo x6 Gen 1,2018-2024,legacy,Thunderbolt,192,24,6 line out,127,-117,+24,100,available,independent analyzer reviews,medium,
Universal Audio,Apollo X,Apollo x8 Gen 1,2018-2024,legacy,Thunderbolt,192,24,8 line out,127,-117,+24,100,available,independent analyzer reviews,medium,
Universal Audio,Apollo X,Apollo x8p Gen 1,2018-2024,legacy,Thunderbolt,192,24,8 line out,127,-117,+24,100,limited,,medium,
Universal Audio,Apollo X,Apollo x16 Gen 1,2018-2024,legacy,Thunderbolt,192,24,16 line out,127,-117,+24,100,limited,,medium,
Universal Audio,Apollo X,Apollo x6 Gen 2,2024-,current,Thunderbolt,192,24,6 line out,129,-120,+24,100,limited,,high,official AP test conditions available
Universal Audio,Apollo X,Apollo x8 Gen 2,2024-,current,Thunderbolt,192,24,8 line out,129,-120,+24,100,limited,,high,
Universal Audio,Apollo X,Apollo x8p Gen 2,2024-,current,Thunderbolt,192,24,8 line out,129,-120,+24,100,limited,,high,
Universal Audio,Apollo X,Apollo x16 Gen 2,2024-,current,Thunderbolt,192,24,16 line out,133,-127,+24,100,limited,,medium,verify model-specific monitor vs line specs
Universal Audio,Apollo Desktop,Apollo Twin,2012-2017,legacy,Thunderbolt,192,24,2 monitor+2 line out,,,,,available,Audio Science Review/user tests,medium,
Universal Audio,Apollo Desktop,Apollo Twin MkII,2017-2020,legacy,Thunderbolt,192,24,2 monitor+2 line out,117,-100,+20,100,available,Audio Science Review,high,
Universal Audio,Apollo Desktop,Apollo Twin X Gen 1,2019-2024,legacy,Thunderbolt,192,24,2 monitor+2 line out,127,-117,+20,100,available,independent analyzer reviews,medium,
Universal Audio,Apollo Desktop,Apollo Twin X Gen 2,2024-,current,Thunderbolt/USB variant,192,24,2 monitor+2 line out,129,-120,+20,100,limited,,high,
Universal Audio,Apollo Desktop,Apollo x4,2019-,current,Thunderbolt,192,24,2 monitor+4 line out,127,-117,+20,100,limited,,medium,
Universal Audio,Apollo Desktop,Apollo Solo/Arrow,2017-,current,Thunderbolt/USB variant,192,24,2 monitor out,118,-109,+14,100,available,Julian Krause/user tests,medium,
Universal Audio,Volt,Volt 1,2021-,current,USB 2,192,24,2 monitor out,,,,,available,Julian Krause,high,DC-coupled
Universal Audio,Volt,Volt 2,2021-,current,USB 2,192,24,2 monitor out,,,,,available,Julian Krause,high,DC-coupled
Universal Audio,Volt,Volt 4,2021-,current,USB 2,192,24,4 line out,,,,,available,Julian Krause,medium,DC-coupled
Universal Audio,Volt,Volt 176,2021-,current,USB 2,192,24,2 monitor out,,,,,available,Julian Krause,medium,76 input compressor irrelevant to D/A
Universal Audio,Volt,Volt 276,2021-,current,USB 2,192,24,2 monitor out,,,,,available,Julian Krause,medium,
Universal Audio,Volt,Volt 476,2021-,current,USB 2,192,24,4 line out,,,,,available,Julian Krause,medium,
Universal Audio,Volt,Volt 476P,2022-,current,USB 2,192,24,4 line out,,,,,limited,,medium,
Universal Audio,Volt,Volt 876,2025-,current,USB,192,32,10 line out,,,,,limited,,medium,32-bit fixed-point not float
Apogee,Duet,Duet FireWire,2007-2012,legacy,FireWire,96,24,2 line out,,,,,available,RMAA/bench tests,low,
Apogee,Duet,Duet 2,2011-2013,legacy,USB 2,192,24,4 analog out,114,,+20,,available,independent reviews,medium,
Apogee,Duet,Duet for iPad and Mac,2013-2021,legacy,USB/Lightning,192,24,4 analog out,114,,+20,,available,independent reviews,medium,
Apogee,Duet,Duet 3,2021-,current,USB-C,192,24,4 analog out,123,-111,+18,50,available,Julian Krause,high,
Apogee,ONE,ONE FireWire/USB,2009-2013,legacy,USB 2,48,24,stereo out,,,,,limited,,low,
Apogee,ONE,ONE for Mac and iOS,2013-2020,legacy,USB/Lightning,96,24,stereo out,,,,,limited,,low,
Apogee,Quartet,Quartet,2012-2020,legacy,USB/Lightning,192,24,6 line out,114,,+20,,limited,,medium,
Apogee,Ensemble,Ensemble FireWire,2006-2014,legacy,FireWire,192,24,8 line out,,,,,available,RMAA/user tests,low,
Apogee,Ensemble,Ensemble Thunderbolt,2014-2023,legacy,Thunderbolt,192,24,8 line out,123,-114,+20,50,limited,,medium,
Apogee,Symphony,Symphony I/O,2010-2017,legacy,PCIe/Thunderbolt,192,24,module dependent,129,-113,+24,,limited,,medium,module-specific
Apogee,Symphony,Symphony I/O Mk II,2016-,current,Thunderbolt/DigiLink,192,24,module dependent,129,-115,+24,,limited,,high,module-specific
Apogee,Symphony,Symphony Desktop,2020-,current,USB-C,192,24,2 monitor out,129,-114,+20,50,available,Sound On Sound/independent,medium,priority premium desktop
Apogee,Symphony,Symphony Studio 2x12,2024-,current,Thunderbolt,192,24,12 line out,124,-113,+20,50,limited,,medium,
Apogee,Symphony,Symphony Studio 8x8,2024-,current,Thunderbolt,192,24,8 line out,124,-113,+20,50,limited,,medium,
Apogee,Symphony,Symphony Studio 8x16,2024-,current,Thunderbolt,192,24,16 line out,124,-113,+20,50,limited,,medium,
Audient,iD,iD22,2013-2023,legacy,USB 2,96,24,6 analog out,114,-96.5,+12,<100,available,Julian Krause/user tests,medium,
Audient,iD,iD14 MkI,2015-2020,legacy,USB 2,96,24,4 analog out,117,,+12,<100,available,Julian Krause,medium,
Audient,iD,iD4 MkI,2016-2020,legacy,USB 2,96,24,2 line out,115,-96.5,+12,<100,available,Julian Krause,medium,
Audient,iD,iD4 MKII,2021-,current,USB-C,96,24,2 line out,125.5,-104.4,+12,,available,Julian Krause; manufacturer,high,
Audient,iD,iD14 MKII,2020-,current,USB-C,96,24,4 line out,126,-108,+12,,available,Julian Krause,high,
Audient,iD,iD24,2023-,current,USB-C,96,24,6 line out,126,-108,+12,,available,Julian Krause,medium,
Audient,iD,iD44 MKI,2018-2022,legacy,USB-C,96,24,8 line out,126,-108,+12,,available,Julian Krause,medium,
Audient,iD,iD44 MKII,2022-,current,USB-C,96,24,8 line out,126,-108,+12,,limited,,medium,
Audient,iD,iD48,2025-,current,USB-C,96,24,8 line out,126,,, ,limited,,medium,
Audient,EVO,EVO 4,2020-,current,USB-C,96,24,2 line out,113,-100,+11,,available,Julian Krause,high,
Audient,EVO,EVO 8,2020-,current,USB-C,96,24,8 line out,113,-100,+11,,available,Julian Krause,medium,
Audient,EVO,EVO 16,2022-,current,USB-C,96,24,8 line out,121,-108,+12,,available,Julian Krause,medium,
Audient,ORIA,ORIA,2023-,current,USB-C/Dante option,96,24,18 analog out,126,,,,limited,,medium,immersive priority
SSL,SSL USB,SSL 2,2020-2024,legacy,USB-C,192,24,2 monitor out,112,-103,+12.5,1,available,Julian Krause,high,
SSL,SSL USB,SSL 2+,2020-2024,legacy,USB-C,192,24,4 line out,112,-103,+12.5,1,available,Julian Krause,high,
SSL,SSL USB,SSL 2 MKII,2024-,current,USB-C,192,32,2 monitor out,120,-108,+14.5,1,available,Julian Krause,medium,
SSL,SSL USB,SSL 2+ MKII,2024-,current,USB-C,192,32,4 line out,120,-108,+14.5,1,available,Julian Krause,medium,
SSL,SSL USB,SSL 12,2022-,current,USB-C,192,32,4 line out,120,-108,+12.5,1,available,Julian Krause,high,
SSL,SSL USB,SSL 18,2025-,current,USB-C,192,32,10 line out,120,,,,limited,,medium,
Lynx,Hilo,Hilo,2012-2024,legacy_or_superseded,USB/Thunderbolt/Dante,192,24,2 line out,121,-114,+24,100,available,Audio Science Review/bench,high,
Lynx,Hilo,Hilo 2,2024-,current,USB/Thunderbolt/Dante,192,32,2 line out,127,-120,+24,,limited,manufacturer AP-class specs,high,clean reference target
Lynx,Aurora,Aurora 8/16,2006-2018,legacy,AES/ADAT+LT cards,192,24,8/16 line out,117,-103,+24,100,available,bench/user tests,medium,
Lynx,Aurora,Aurora(n) 8,2018-,current,USB/Thunderbolt/Dante/HD,192,24,8 line out,123,-113,+24,100,limited,,high,
Lynx,Aurora,Aurora(n) 16,2018-,current,USB/Thunderbolt/Dante/HD,192,24,16 line out,123,-113,+24,100,limited,,high,
Lynx,Aurora,Aurora(n) 24,2018-,current,USB/Thunderbolt/Dante/HD,192,24,24 line out,123,-113,+24,100,limited,,high,
Lynx,Aurora,Aurora(n) 32,2018-,current,USB/Thunderbolt/Dante/HD,192,24,32 line out,123,-113,+24,100,limited,,high,
Prism Sound,Orpheus,Orpheus,2007-2020,legacy,FireWire,192,24,8 line out,118,-105,+18,,available,bench reviews,medium,
Prism Sound,Lyra,Lyra 1,2012-,current,USB 2,192,24,2 line out,115,-105,+18,,limited,,medium,
Prism Sound,Lyra,Lyra 2,2012-,current,USB 2,192,24,4 line out,115,-105,+18,,limited,,medium,
Prism Sound,Titan,Titan,2014-,current,USB/UCC2,192,24,8 line out,118,-107,+18,,limited,,medium,
Prism Sound,Atlas,Atlas,2019-,current,USB/Dante/HDX option,192,24,8 line out,120,-110,+24,,limited,,high,
Prism Sound,Dream ADA-8XR,ADA-8XR,2002-2020,legacy,modular,192,24,8 line module,118,-105,+24,,available,professional bench reports,medium,module revision sensitive
Prism Sound,Dream ADA-128,ADA-128,2022-,current,modular Dante/HDX,192,24,module dependent,125,-115,+24,,limited,,high,
Metric Halo,Mobile I/O,2882,2001-2023,legacy,FireWire/3d card,96_or_192,24,8 line out,,,,,available,RMAA/user tests,low,2d vs 3d converter paths
Metric Halo,Mobile I/O,ULN-2,2003-,current_with_3d,FireWire/USB-C via 3d,192,24,6 analog out,120,-110,+18,,limited,,medium,hardware generations
Metric Halo,Mobile I/O,ULN-8,2009-,current_with_3d,FireWire/USB-C via 3d,192,24,8 line out,120,-110,+24,,limited,,medium,
Metric Halo,Mobile I/O,LIO-8,2012-,current_with_3d,FireWire/USB-C via 3d,192,24,8 line out,120,-110,+24,,limited,,medium,
Metric Halo,Mobile I/O,MH 3d,2018-,current,USB-C/Ethernet,192,24,model dependent,,,,,limited,,medium,upgrade platform not one analog model
Antelope Audio,Orion,Orion32,2012-2015,legacy,USB/MADI,192,24,32 line out,118,-105,+20,,limited,user analyzer tests,low,
Antelope Audio,Orion,Orion32+,2015-2018,legacy,Thunderbolt/USB/MADI,192,24,32 line out,120,-108,+20,,limited,,medium,
Antelope Audio,Orion,Orion32+ Gen 3,2018-2023,legacy,Thunderbolt/USB/MADI,192,24,32 line out,123,-115,+24,,limited,,medium,
Antelope Audio,Orion,Orion 32+ Gen4,2023-,current,Thunderbolt/USB/MADI,192,24,32 line out,130,-115,+24,,limited,,medium,monitor out may differ from line outs
Antelope Audio,Orion Studio,Orion Studio,2015-2017,legacy,Thunderbolt/USB,192,24,16 line out,120,-105,+20,,limited,,low,
Antelope Audio,Orion Studio,Orion Studio Rev 2017,2017-2019,legacy,Thunderbolt/USB,192,24,16 line out,121,-108,+20,,limited,,medium,
Antelope Audio,Orion Studio,Orion Studio Synergy Core,2019-,current,Thunderbolt/USB,192,24,16 line out,130,-115,+24,,limited,,medium,
Antelope Audio,Zen,Zen Studio,2014-2016,legacy,USB,192,24,8 line+monitor out,,,,,limited,,low,
Antelope Audio,Zen,Zen Studio+,2017-2020,legacy,Thunderbolt/USB,192,24,8 line+monitor out,,,,,limited,,low,
Antelope Audio,Zen,Zen Tour,2016-2019,legacy,Thunderbolt/USB,192,24,8 line+monitor out,120,-105,+20,,limited,,medium,
Antelope Audio,Zen,Zen Tour Synergy Core,2019-,current,Thunderbolt/USB,192,24,8 line+monitor out,127,-115,+20,,limited,,medium,
Antelope Audio,Zen,Zen Go Synergy Core,2020-,current,Thunderbolt/USB variant,192,24,2 monitor out,127,-115,+20,,available,Julian Krause,medium,
Antelope Audio,Zen,Zen Q Synergy Core,2021-,current,Thunderbolt/USB variant,192,24,4 line+monitor out,127,-115,+20,,limited,,medium,
Antelope Audio,Zen,Zen Quadro Synergy Core,2023-,current,USB-C,192,24,4 line+monitor out,130,-115,+20,,limited,,medium,
Antelope Audio,Discrete,Discrete 4,2017-2019,legacy,Thunderbolt/USB,192,24,4 line+monitor out,,,,,limited,,low,
Antelope Audio,Discrete,Discrete 8,2017-2019,legacy,Thunderbolt/USB,192,24,8 line+monitor out,,,,,limited,,low,
Antelope Audio,Discrete,Discrete 4 Synergy Core,2019-2022,legacy,Thunderbolt/USB,192,24,4 line+monitor out,,,,,limited,,medium,
Antelope Audio,Discrete,Discrete 8 Synergy Core,2019-2022,legacy,Thunderbolt/USB,192,24,8 line+monitor out,,,,,limited,,medium,
Antelope Audio,Discrete,Discrete 4 Pro Synergy Core,2022-,current,Thunderbolt/USB,192,24,6 line out,130,-115,+20,,limited,,medium,
Antelope Audio,Discrete,Discrete 8 Pro Synergy Core,2022-,current,Thunderbolt/USB,192,24,10 line out,130,-115,+20,,limited,,medium,
Antelope Audio,Galaxy,Galaxy 32 Synergy Core,2020-,current,Thunderbolt/Dante/HDX,192,24,32 line out,130,-115,+24,,limited,,medium,
Antelope Audio,Galaxy,Galaxy 64 Synergy Core,2021-,current,Thunderbolt/Dante/HDX,192,24,64 line out,130,-115,+24,,limited,,medium,
PreSonus,AudioBox,AudioBox USB,2007-2014,legacy,USB 1.1,48,24,2 line out,,,,,available,RMAA archives,low,
PreSonus,AudioBox,AudioBox USB 96,2016-,current,USB 2,96,24,2 line out,105,,+10,,available,Julian Krause,medium,
PreSonus,AudioBox,AudioBox iOne,2014-,current,USB/iOS,96,24,2 line out,,,,,limited,,low,
PreSonus,AudioBox,AudioBox iTwo,2014-,current,USB/iOS,96,24,2 line out,,,,,limited,,low,
PreSonus,AudioBox,AudioBox 22VSL,2011-2016,legacy,USB 2,96,24,2 line out,,,,,limited,,low,
PreSonus,AudioBox,AudioBox 44VSL,2011-2016,legacy,USB 2,96,24,4 line out,,,,,limited,,low,
PreSonus,AudioBox,AudioBox 1818VSL,2011-2016,legacy,USB 2,96,24,8 line out,,,,,limited,,low,
PreSonus,Studio,Studio 24c,2019-,current,USB-C,192,24,2 line out,104,,+10,,available,Julian Krause,medium,
PreSonus,Studio,Studio 26c,2019-,current,USB-C,192,24,4 line out,,,,,limited,,low,
PreSonus,Studio,Studio 68c,2019-,current,USB-C,192,24,4 line out,,,,,limited,,low,
PreSonus,Studio,Studio 1810c,2019-,current,USB-C,192,24,8 line out,,,,,limited,,low,
PreSonus,Studio,Studio 1824c,2019-,current,USB-C,192,24,8 line out,,,,,limited,,low,
PreSonus,Quantum,Quantum,2017-2024,legacy,Thunderbolt,192,24,10 line out,120,,+18,,limited,,medium,
PreSonus,Quantum,Quantum 2,2017-2024,legacy,Thunderbolt,192,24,4 line out,120,,+18,,limited,,medium,
PreSonus,Quantum,Quantum 2626,2020-2024,legacy,Thunderbolt,192,24,8 line out,120,,+18,,available,Julian Krause,medium,
PreSonus,Quantum,Quantum 4848,2018-2024,legacy,Thunderbolt,192,24,32 line out,120,,+18,,limited,,medium,
PreSonus,Quantum,Quantum ES 2,2024-,current,USB-C,192,24,2 line out,111,,+12,,available,Julian Krause,medium,
PreSonus,Quantum,Quantum ES 4,2024-,current,USB-C,192,24,4 line out,111,,+12,,available,Julian Krause,medium,
PreSonus,Quantum,Quantum HD 2,2024-,current,USB-C,192,32,2 line out,124,,+18,,available,Julian Krause,medium,
PreSonus,Quantum,Quantum HD 8,2024-,current,USB-C,192,32,8 line out,124,,+18,,limited,,medium,
Steinberg,CI,CI1,2010-2014,legacy,USB,48,24,2 line out,,,,,limited,,low,
Steinberg,CI,CI2/CI2+,2009-2013,legacy,USB,48,24,2 line out,,,,,limited,,low,
Steinberg,UR,UR12,2014-,current,USB 2,192,24,2 line out,,,,,available,Julian Krause,medium,
Steinberg,UR,UR22,2013-2019,legacy,USB 2,192,24,2 line out,,,,,available,RMAA/Julian Krause,medium,
Steinberg,UR,UR22mkII,2015-2020,legacy,USB 2,192,24,2 line out,,,,,available,Julian Krause,medium,
Steinberg,UR,UR242,2015-,current_or_legacy,USB 2,192,24,4 line out,,,,,limited,,low,
Steinberg,UR,UR44,2014-2020,legacy,USB 2,192,24,6 line out,,,,,limited,,low,
Steinberg,UR,UR28M,2011-2018,legacy,USB 2,96,24,6 line out,,,,,limited,,low,
Steinberg,UR,UR824,2011-2020,legacy,USB 2,192,24,8 line out,,,,,limited,,low,
Steinberg,UR-RT,UR-RT2,2018-2021,legacy,USB 2,192,24,2 line out,,,,,available,Julian Krause,medium,
Steinberg,UR-RT,UR-RT4,2018-2021,legacy,USB 2,192,24,4 line out,,,,,limited,,low,
Steinberg,UR-C,UR22C,2019-,current,USB 3,192,32,2 line out,107,,+12,,available,Julian Krause,high,
Steinberg,UR-C,UR24C,2020-,current,USB 3,192,32,4 line out,,,,,limited,,medium,
Steinberg,UR-C,UR44C,2019-,current,USB 3,192,32,6 line out,,,,,available,Julian Krause,medium,
Steinberg,UR-C,UR816C,2019-,current,USB 3,192,32,8 line out,,,,,limited,,medium,
Steinberg,IXO,IXO12,2023-,current,USB-C,192,24,2 line out,115,,+12,,available,Julian Krause,medium,
Steinberg,IXO,IXO22,2023-,current,USB-C,192,24,2 line out,115,,+12,,available,Julian Krause,medium,
Steinberg,AXR,AXR4T,2019-,current_or_legacy,Thunderbolt,384,32,8 line out,123,-114,+24,,limited,,medium,
Arturia,AudioFuse,AudioFuse Rev1/Rev2,2017-,current_or_long_running,USB 2,192,24,4 line out,117,-100,+24,10,available,Audio Science Review; Julian Krause,high,revision and power mode
Arturia,AudioFuse,AudioFuse Studio,2020-,current,USB-C,192,24,8 line out,119,-105,+24,10,available,Julian Krause,medium,
Arturia,AudioFuse,AudioFuse 8Pre,2019-,current,USB-C/ADAT,192,24,8 line out,119,-105,+24,10,limited,,medium,
Arturia,AudioFuse,AudioFuse 16Rig,2023-,current,USB-C,192,24,12 line out,120,-108,+24,10,limited,,medium,
Arturia,MiniFuse,MiniFuse 1,2021-,current,USB-C,192,24,2 line out,110,-100,+12,94,available,Julian Krause,high,
Arturia,MiniFuse,MiniFuse 2,2021-,current,USB-C,192,24,2 line out,110,-100,+12,94,available,Julian Krause,high,
Arturia,MiniFuse,MiniFuse 4,2022-,current,USB-C,192,24,4 line out,110,-100,+12,94,available,Julian Krause,medium,
Avid,Digidesign,Mbox,2001-2005,legacy,USB 1.1,48,24,2 line out,,,,,available,RMAA archives,low,
Avid,Digidesign,Mbox 2,2005-2010,legacy,USB 1.1,48,24,2 line out,,,,,available,RMAA archives,low,
Avid,Digidesign,Mbox 2 Pro,2006-2010,legacy,FireWire,96,24,6 line out,,,,,available,RMAA archives,low,
Avid,Mbox,Mbox 3rd Gen,2010-2014,legacy,USB 2,96,24,4 line out,,,,,available,technology guide/user tests,medium,
Avid,Mbox,Mbox Pro 3rd Gen,2010-2014,legacy,FireWire,192,24,6 line out,,,,,limited,,medium,
Avid,Mbox,Mbox Studio,2022-,current,USB-C,192,24,8 line out,120,-110,+21,,limited,,medium,
Avid,Pro Tools HD,192 I/O,2002-2011,legacy,DigiLink,192,24,8 line module,118,-105,+24,,available,professional bench/user tests,medium,card revisions
Avid,Pro Tools HD,HD I/O 8x8x8,2010-,current_or_legacy,DigiLink,192,24,8 line out,120,-110,+24,,available,professional bench tests,medium,
Avid,Pro Tools HD,HD I/O 16x16 Analog,2010-,current_or_legacy,DigiLink,192,24,16 line out,120,-110,+24,,available,professional bench tests,medium,
Avid,Carbon,Pro Tools Carbon,2020-,current,Ethernet AVB,192,32,10 line out,126,-115,+24,,limited,,high,
Avid,Carbon,Carbon Pre,2022-,current,Ethernet AVB,192,32,8 line out,126,-115,+24,,limited,,high,
Avid,MTRX,MTRX,2016-,current,DigiLink/Dante,384,32,module dependent,,,,,limited,,medium,DAD modules determine D/A
Avid,MTRX,MTRX Studio,2020-,current,DigiLink/Dante,192,32,18 analog out,128,-115,+24,,limited,,high,DAD-designed platform
Neumann,MT,MT 48,2023-,current,USB-C/ADAT/AES67,192,32,8 analog out,136,-120,+24,,available,Audio Science Review/independent analyzer,high,Merging-derived; monitor and line outputs differ
Merging Technologies,Horus,Horus,2012-,current,RAVENNA/AES67,192,24,module dependent,120,-115,+24,,limited,,high,module-specific
Merging Technologies,Hapi,Hapi MkI,2014-2023,legacy,RAVENNA/AES67,192,24,module dependent,120,-115,+24,,limited,,high,module-specific
Merging Technologies,Hapi,Hapi MkII,2023-,current,RAVENNA/AES67,192,32,module dependent,128,-120,+24,,limited,,high,module-specific
Merging Technologies,Anubis,Anubis Premium,2019-,current,RAVENNA/AES67,192,32,4 analog out,123,-116,+24,,available,Audio Science Review/bench reports,medium,
Merging Technologies,Anubis,Anubis Music,2021-,current,RAVENNA/AES67,192,32,4 analog out,123,-116,+24,,limited,,medium,same hardware family
DAD,AX32,AX32,2014-2022,legacy,Dante/DigiLink/MADI,module dependent,32,module dependent,,,,,limited,,medium,module-specific
DAD,AX Center,AX Center,2024-,current,Thunderbolt/Dante/DigiLink,384,32,module dependent,128,-118,+24,,limited,,high,
DAD,Core,Core 256,2021-,current,Dante/DigiLink/MADI,384,32,module dependent,,,,,limited,,medium,mostly digital matrix
DAD,Core,Core 256i,2024-,current,Thunderbolt/Dante/DigiLink,384,32,module dependent,,,,,limited,,medium,
Ferrofish,A Series,A16 MkII,2004-2010,legacy,ADAT/MADI,96,24,16 line out,,,,,limited,,low,converter not computer interface alone
Ferrofish,A Series,A16 Ultra,2010-2014,legacy,ADAT/MADI,96,24,16 line out,,,,,limited,,low,
Ferrofish,A Series,A32,2016-2020,legacy,ADAT/MADI,192,24,32 line out,118,-100,+20,,limited,,medium,
Ferrofish,A Series,A32 Dante,2017-2020,legacy,Dante/ADAT/MADI,192,24,32 line out,118,-100,+20,,limited,,medium,
Ferrofish,A Series,A32 Pro,2021-,current,ADAT/MADI,192,24,32 line out,125,-110,+24,,limited,,high,
Ferrofish,A Series,A32 Pro Dante,2021-,current,Dante/ADAT/MADI,192,24,32 line out,125,-110,+24,,limited,,high,
Ferrofish,Pulse,Pulse 16,2018-,current,ADAT/MADI,192,24,16 line out,118,-100,+20,,limited,,medium,
Ferrofish,Pulse,Pulse 16 MX,2018-,current,ADAT/MADI,192,24,16 line out,118,-100,+20,,limited,,medium,
Ferrofish,Pulse,Pulse 16 DX,2019-,current,Dante/ADAT/MADI,192,24,16 line out,118,-100,+20,,limited,,medium,
TASCAM,US legacy,US-122,2003-2007,legacy,USB 1.1,48,24,2 line out,,,,,available,RMAA archives,low,
TASCAM,US legacy,US-144,2007-2011,legacy,USB 2,96,24,2 line out,,,,,available,RMAA archives,low,
TASCAM,US legacy,US-1641,2007-2011,legacy,USB 2,96,24,4 line out,,,,,limited,,low,
TASCAM,US legacy,US-1800,2011-2015,legacy,USB 2,96,24,4 line out,,,,,limited,,low,
TASCAM,US x2x,US-2x2,2014-2020,legacy,USB 2,96,24,2 line out,101,,+8,,available,Julian Krause,medium,
TASCAM,US x2x,US-4x4,2014-2020,legacy,USB 2,96,24,4 line out,,,,,limited,,low,
TASCAM,US-HR,US-1x2HR,2020-,current,USB 2,192,24,2 line out,112,,+12,,available,Julian Krause,medium,
TASCAM,US-HR,US-2x2HR,2020-,current,USB 2,192,24,2 line out,112,,+12,,available,Julian Krause,medium,
TASCAM,US-HR,US-4x4HR,2020-,current,USB 2,192,24,4 line out,112,,+12,,available,Julian Krause,medium,
TASCAM,SERIES,SERIES 102i,2019-,current,USB 2,192,24,4 line out,109,,+20,,limited,,medium,
TASCAM,SERIES,SERIES 208i,2019-,current,USB 2,192,24,8 line out,109,,+20,,limited,,medium,
TASCAM,SERIES,SERIES 8p Dyna,2019-,current,USB 2,192,24,8 line out,109,,+20,,limited,,medium,
Zoom,TAC,TAC-2,2014-2019,legacy,Thunderbolt,192,24,2 line out,,,,,available,Julian Krause,medium,
Zoom,TAC,TAC-2R,2015-2019,legacy,Thunderbolt,192,24,2 line out,,,,,limited,,low,
Zoom,TAC,TAC-8,2015-2019,legacy,Thunderbolt,192,24,10 line out,,,,,limited,,low,
Zoom,UAC,UAC-2,2015-2023,legacy,USB 3,192,24,2 line out,120,,+14,,available,Julian Krause,high,
Zoom,UAC,UAC-8,2015-2023,legacy,USB 3,192,24,10 line out,120,,+14,,limited,,medium,
Zoom,U Series,U-22,2016-,current,USB 2,96,24,RCA out,,,,,limited,,low,
Zoom,U Series,U-24,2016-,current,USB 2,96,24,4 line out,,,,,limited,,low,
Zoom,U Series,U-44,2016-,current,USB 2,96,24,4 line out,,,,,limited,,low,
Zoom,AMS,AMS-22,2022-,current,USB-C,96,24,2 line out,,,,,available,Julian Krause,medium,
Zoom,AMS,AMS-24,2022-,current,USB-C,96,24,2 line out,,,,,available,Julian Krause,medium,
Zoom,AMS,AMS-44,2022-,current,USB-C,96,24,4 line out,,,,,available,Julian Krause,medium,
Native Instruments,Audio Kontrol,Audio Kontrol 1,2006-2012,legacy,USB 2,192,24,4 line out,,,,,available,RMAA archives,low,
Native Instruments,Komplete Audio,Komplete Audio 6 MkI,2011-2018,legacy,USB 2,96,24,4 line out,,,,,available,Julian Krause/RMAA,medium,
Native Instruments,Komplete Audio,Komplete Audio 1,2019-,current,USB 2,192,24,2 line out,110,,+12,,available,Julian Krause,medium,
Native Instruments,Komplete Audio,Komplete Audio 2,2019-,current,USB 2,192,24,2 line out,110,,+12,,available,Julian Krause,medium,
Native Instruments,Komplete Audio,Komplete Audio 6 MkII,2019-,current,USB 2,192,24,4 line out,111,,+11.3,,available,Julian Krause,high,
Native Instruments,Traktor,Traktor Audio 2/6/10,2011-2020,legacy,USB,96,24,model dependent,,,,,available,DJ TechTools/RMAA,low,DJ output calibration differs
M-Audio,Delta,Delta 44/66,1999-2010,legacy,PCI,96,24,4 line out,,,,,available,RMAA archives,medium,important early prosumer baseline
M-Audio,Delta,Delta 1010,1999-2012,legacy,PCI,96,24,8 line out,,,,,available,RMAA archives,medium,
M-Audio,FireWire,FireWire 410,2003-2010,legacy,FireWire,96,24,8 line out,,,,,available,RMAA archives,low,
M-Audio,FireWire,FireWire 1814,2004-2010,legacy,FireWire,192,24,8 line out,,,,,available,RMAA archives,low,
M-Audio,Fast Track,Fast Track Pro,2006-2013,legacy,USB 1.1,96,24,4 line out,,,,,available,RMAA archives,medium,
M-Audio,Fast Track,Fast Track Ultra,2008-2013,legacy,USB 2,96,24,8 line out,,,,,available,RMAA archives,low,
M-Audio,M-Track,M-Track MkI/MkII,2012-2016,legacy,USB 2,48_or_96,24,2 line out,,,,,available,Julian Krause/RMAA,low,
M-Audio,M-Track,M-Track 2X2/2X2M,2016-2020,legacy,USB-C,192,24,2 line out,,,,,available,Julian Krause,medium,
M-Audio,Air,AIR 192|4,2019-,current,USB-C,192,24,2 line out,109,,+13,,available,Julian Krause,medium,
M-Audio,Air,AIR 192|6,2019-,current,USB-C,192,24,2 line out,109,,+13,,available,Julian Krause,medium,
M-Audio,Air,AIR 192|8,2019-,current,USB-C,192,24,4 line out,109,,+13,,limited,,medium,
M-Audio,Air,AIR 192|14,2019-,current,USB-C,192,24,4 line out,109,,+13,,limited,,medium,
M-Audio,M-Track,M-Track Solo,2020-,current,USB 2,48,16,2 RCA out,,,,,available,Julian Krause,medium,
M-Audio,M-Track,M-Track Duo,2020-,current,USB 2,48,16,2 RCA out,,,,,available,Julian Krause,medium,
Roland/Edirol,UA legacy,UA-5,2001-2005,legacy,USB 1.1,96,24,RCA out,,,,,available,RMAA archives,low,
Roland/Edirol,FA legacy,FA-66,2005-2010,legacy,FireWire,192,24,6 line out,,,,,available,RMAA archives,low,
Roland/Edirol,FA legacy,FA-101,2004-2010,legacy,FireWire,192,24,8 line out,,,,,available,RMAA archives,low,
Roland,Capture,Quad-Capture,2011-2018,legacy,USB 2,192,24,2 line out,,,,,available,RMAA/Julian Krause,medium,
Roland,Capture,Octa-Capture,2010-,current_or_long_running,USB 2,192,24,8 line out,,,,,available,RMAA/user tests,medium,
Roland,Capture,Studio-Capture,2013-,current_or_long_running,USB 2,192,24,10 line out,,,,,limited,,medium,
Roland,Rubix,Rubix22,2017-,current,USB 2,192,24,2 line out,,,,,available,Julian Krause,medium,
Roland,Rubix,Rubix24,2017-,current,USB 2,192,24,4 line out,,,,,available,Julian Krause,medium,
Roland,Rubix,Rubix44,2017-,current,USB 2,192,24,4 line out,,,,,available,Julian Krause,medium,
ESI,ESU,ESU1808,2007-2013,legacy,USB 2,96,24,8 line out,,,,,limited,,low,
ESI,UGM,UGM96,2009-,current,USB,96,24,stereo out,,,,,available,RMAA archives,low,
ESI,U Series,U22 XT,2016-,current,USB 2,96,24,2 line out,,,,,available,Julian Krause,medium,
ESI,U Series,U86 XT,2016-,current,USB 2,96,24,8 line out,,,,,limited,,low,
ESI,MAYA,MAYA44 USB+,2014-,current,USB 2,96,24,4 line out,,,,,available,RMAA archives,low,
ESI,planet,planet 22x,2021-,current,Dante,96,24,2 line out,,,,,limited,,low,
Behringer,U-Phoria,UM2,2014-,current,USB 1.1,48,16,2 RCA out,,,,,available,Julian Krause,high,low-cost baseline
Behringer,U-Phoria,UMC22,2014-,current,USB 1.1,48,16,2 RCA out,,,,,available,Julian Krause,high,low-cost baseline
Behringer,U-Phoria,UMC202HD,2015-,current,USB 2,192,24,2 line out,100,,+3,,available,Audio Science Review; Julian Krause,high,
Behringer,U-Phoria,UMC204HD,2015-,current,USB 2,192,24,4 line out,100,,+3,,available,Julian Krause,high,
Behringer,U-Phoria,UMC404HD,2015-,current,USB 2,192,24,4 line out,100,,+3,,available,Julian Krause,high,
Behringer,U-Phoria,UMC1820,2015-,current,USB 2,96,24,10 line out,,,,,available,Julian Krause,medium,
Mackie,Onyx,Onyx Satellite,2006-2010,legacy,FireWire,96,24,6 line out,,,,,limited,,low,
Mackie,Onyx,Onyx Blackjack,2010-2016,legacy,USB 2,48,24,2 line out,,,,,available,Audio Science Review/RMAA,medium,
Mackie,Onyx,Onyx Artist 1-2,2018-,current,USB 2,192,24,2 line out,,,,,available,Julian Krause,medium,
Mackie,Onyx,Onyx Producer 2-2,2018-,current,USB 2,192,24,2 line out,,,,,available,Julian Krause,medium,
Mackie,Onyx,Onyx8/12/16/24,2021-,current,USB 2,96,24,mixer main/aux out,,,,,limited,,low,mixer-interface path
IK Multimedia,AXE,AXE I/O,2018-,current,USB 2,192,24,5 analog out,117,-104,+21.5,,available,Julian Krause,medium,guitar-centric
IK Multimedia,AXE,AXE I/O ONE,2023-,current,USB-C,192,24,3 analog out,,,,,available,Julian Krause,medium,
IK Multimedia,AXE,AXE I/O SOLO,2020-,current,USB 2,192,24,3 analog out,,,,,available,Julian Krause,medium,
IK Multimedia,iRig,iRig Pro Duo I/O,2018-,current,USB/Lightning,192,24,2 line out,,,,,available,Julian Krause,medium,
IK Multimedia,ToneX,ToneX One/ Pedal USB interface,2023-,current,USB,192,24,instrument-focused out,,,,,limited,,low,not general monitor interface
Black Lion Audio,Revolution,Revolution 2x2,2020-,current,USB-C,192,24,4 analog out,120,-102,+18,,available,Julian Krause,medium,
Black Lion Audio,Revolution,Revolution 6x6,2022-,current,USB-C,192,24,6 analog out,120,-102,+18,,limited,,medium,
Black Lion Audio,Revolution,Revolution 14x16,2024-,current,USB-C,192,24,16 analog out,120,-102,+18,,limited,,medium,
Lewitt,CONNECT,CONNECT 6,2022-,current,USB-C,96,24,4 line out,118,-105,+12,,available,Julian Krause,high,dual USB and DSP paths
SPL,Crimson,Crimson,2013-2016,legacy,USB 2,192,24,6 analog out,114,-100,+22,,limited,,medium,
SPL,Crimson,Crimson 3,2017-,current,USB 2,192,24,6 analog out,114,-100,+22,,limited,,medium,
SPL,Marc,Marc One,2020-,current,USB 2,192,32,4 analog out,120,-110,+22,75,limited,,medium,monitor controller/interface
SPL,Diamond,Diamond,2023-,current,USB option,768,32,2 line out,120,-112,+32,75,limited,,medium,standalone DAC/controller boundary
Kurzweil,UNiTE,UNiTE-2,2020s,current,USB-C,48,24,line/headphone out,,,,,available,"Neuracoust in-house 시험성적서 (Out2->In2, 48kHz, -30dBFS, 3-avg)",high,실측 FR + 레벨별 H2-H7 보유 (성적서)
Waves,DigiGrid,DigiGrid D,2010s,current,SoundGrid/Ethernet,96,24,line/monitor out,,,,,not_located,,low,
